<?xml version="1.0" encoding="UTF-8"?>
<project xmlns="http://www.netbeans.org/ns/project/1">
    <type>org.netbeans.modules.ant.freeform</type>
    <configuration>
        <general-data xmlns="http://www.netbeans.org/ns/freeform-project/1">
            <name>jogl-demos</name>
        </general-data>
        <general-data xmlns="http://www.netbeans.org/ns/freeform-project/2">
            <!-- Do not use Project Properties customizer when editing this file manually. -->
            <name>jogl-demos</name>
            <properties>
                <property name="ant.script">make/build.xml</property>
            </properties>
            <folders>
                <source-folder>
                    <label>jogl-demos</label>
                    <location>.</location>
                    <encoding>UTF-8</encoding>
                </source-folder>
                <source-folder>
                    <label>src/redbook/src</label>
                    <type>java</type>
                    <location>src/redbook/src</location>
                    <encoding>UTF-8</encoding>
                </source-folder>
                <source-folder>
                    <label>src</label>
                    <type>java</type>
                    <location>src</location>
                    <encoding>UTF-8</encoding>
                </source-folder>
            </folders>
            <ide-actions>
                <action name="build">
                    <script>${ant.script}</script>
                    <target>all</target>
                </action>
                <action name="clean">
                    <script>${ant.script}</script>
                    <target>clean</target>
                </action>
                <action name="javadoc">
                    <script>${ant.script}</script>
                    <target>javadoc</target>
                </action>
                <action name="rebuild">
                    <script>${ant.script}</script>
                    <target>clean</target>
                    <target>all</target>
                </action>
                <action name="run.single">
                    <script>nbproject/ide-file-targets.xml</script>
                    <target>run-selected-file-in-src</target>
                    <context>
                        <property>run.class</property>
                        <folder>src</folder>
                        <pattern>\.java$</pattern>
                        <format>java-name</format>
                        <arity>
                            <one-file-only/>
                        </arity>
                    </context>
                </action>
                <action name="debug.single">
                    <script>nbproject/ide-file-targets.xml</script>
                    <target>debug-selected-file-in-src</target>
                    <context>
                        <property>debug.class</property>
                        <folder>src</folder>
                        <pattern>\.java$</pattern>
                        <format>java-name</format>
                        <arity>
                            <one-file-only/>
                        </arity>
                    </context>
                </action>
            </ide-actions>
            <export>
                <type>folder</type>
                <location>build</location>
                <script>${ant.script}</script>
                <build-target>all</build-target>
            </export>
            <view>
                <items>
                    <source-folder style="packages">
                        <label>src/redbook/src</label>
                        <location>src/redbook/src</location>
                    </source-folder>
                    <source-folder style="packages">
                        <label>src</label>
                        <location>src</location>
                    </source-folder>
                    <source-file>
                        <location>${ant.script}</location>
                    </source-file>
                </items>
                <context-menu>
                    <ide-action name="build"/>
                    <ide-action name="rebuild"/>
                    <ide-action name="clean"/>
                    <ide-action name="javadoc"/>
                </context-menu>
            </view>
            <subprojects/>
        </general-data>
        <java-data xmlns="http://www.netbeans.org/ns/freeform-project-java/1">
            <compilation-unit>
                <package-root>src</package-root>
                <classpath mode="compile">../gluegen/build/gluegen-rt.jar:../jogl/build/nativewindow/nativewindow.all.jar:../jogl/build/jogl/jogl.all.jar:../jogl/build/newt/newt.all.jar:../joal/build/joal.jar</classpath>
                <built-to>build</built-to>
                <source-level>1.5</source-level>
            </compilation-unit>
            <compilation-unit>
                <package-root>src/redbook/src</package-root>
                <source-level>1.5</source-level>
            </compilation-unit>
        </java-data>
    </configuration>
</project>
