<?xml version="1.0" encoding="UTF-8"?>
<project name="jogamp-env" basedir=".">

  <target name="jogamp.env.init">
    <property environment="env" />

    <!-- only set 'build.archiveon' if set in environment to trigger archive creation -->
    <condition property="build.archiveon" value="${env.BUILD_ARCHIVE}">
        <istrue value="${env.BUILD_ARCHIVE}"/>
    </condition>

    <condition property="build.node.name" value="${env.NODE_NAME}" else="local">
        <not>
         <equals arg1="${env.NODE_NAME}" arg2="$${env.NODE_NAME}" casesensitive="true" />
        </not>
    </condition>

  </target>

</project>
